-- DATOS ESPECÍFICOS PARA LAS CONSULTAS DEL EXAMEN
-- Cinema Paradiso y personas relacionadas

-- Actores principales de Cinema Paradiso
INSERT INTO dim_actor (id_actor, nombre, estado_civil, edad, telefono) VALUES (1, 'Philippe Noiret', 'Casado', 85, '+33-1-45-67-89-12');
INSERT INTO dim_actor (id_actor, nombre, estado_civil, edad, telefono) VALUES (2, 'Salvatore Cascio', 'Soltero', 35, '+39-02-345-678-90');
INSERT INTO dim_actor (id_actor, nombre, estado_civil, edad, telefono) VALUES (3, 'Marco Leonardi', 'Divorciado', 52, '+39-06-789-012-34');
INSERT INTO dim_actor (id_actor, nombre, estado_civil, edad, telefono) VALUES (4, 'Jacques Perrin', 'Casado', 83, '+33-1-23-45-67-89');
INSERT INTO dim_actor (id_actor, nombre, estado_civil, edad, telefono) VALUES (5, 'Aurelio Gutiérrez Mondragón', 'Viudo', 68, '+52-555-123-45-67');
INSERT INTO dim_actor (id_actor, nombre, estado_civil, edad) VALUES (6, 'Lic. Juana Zúñiga', 'Soltero', 52);
INSERT INTO dim_actor (id_actor, nombre, estado_civil, edad) VALUES (7, 'Daniela Villalobos Venegas', 'Divorciado', 62);
INSERT INTO dim_actor (id_actor, nombre, estado_civil, edad) VALUES (8, 'Santiago Cruz Arroyo', 'Soltero', 28);
INSERT INTO dim_actor (id_actor, nombre, estado_civil, edad) VALUES (9, 'Lic. Bernardo Barrientos', 'Union libre', 38);
INSERT INTO dim_actor (id_actor, nombre, estado_civil, edad) VALUES (10, 'Fernando Cabán Grijalva', 'Divorciado', 45);
INSERT INTO dim_actor (id_actor, nombre, estado_civil, edad) VALUES (11, 'Antonia Elsa Flórez Mena', 'Soltero', 26);
INSERT INTO dim_actor (id_actor, nombre, estado_civil, edad) VALUES (12, 'Ing. Mauro Mares', 'Divorciado', 61);
INSERT INTO dim_actor (id_actor, nombre, estado_civil, edad) VALUES (13, 'Guadalupe Jaramillo Delgadillo', 'Casado', 34);
INSERT INTO dim_actor (id_actor, nombre, estado_civil, edad) VALUES (14, 'Daniela Archuleta', 'Union libre', 60);
INSERT INTO dim_actor (id_actor, nombre, estado_civil, edad) VALUES (15, 'Mercedes Huerta Santana', 'Divorciado', 52);
INSERT INTO dim_actor (id_actor, nombre, estado_civil, edad) VALUES (16, 'Úrsula Crespo Cuellar', 'Divorciado', 69);
INSERT INTO dim_actor (id_actor, nombre, estado_civil, edad) VALUES (17, 'Mtro. Serafín Huerta', 'Viudo', 28);
INSERT INTO dim_actor (id_actor, nombre, estado_civil, edad) VALUES (18, 'Pablo Tórrez', 'Union libre', 59);
INSERT INTO dim_actor (id_actor, nombre, estado_civil, edad) VALUES (19, 'Dulce María Jerónimo Galindo Arellano', 'Divorciado', 53);
INSERT INTO dim_actor (id_actor, nombre, estado_civil, edad) VALUES (20, 'Luis Miguel Gustavo Orellana Valle', 'Viudo', 60);
INSERT INTO dim_actor (id_actor, nombre, estado_civil, edad) VALUES (21, 'Anabel Treviño Montes', 'Union libre', 46);
INSERT INTO dim_actor (id_actor, nombre, estado_civil, edad) VALUES (22, 'Nadia Ángela Díaz', 'Viudo', 64);
INSERT INTO dim_actor (id_actor, nombre, estado_civil, edad) VALUES (23, 'Mauricio Contreras Vanegas', 'Soltero', 48);
INSERT INTO dim_actor (id_actor, nombre, estado_civil, edad) VALUES (24, 'Bernabé Marín', 'Soltero', 46);
INSERT INTO dim_actor (id_actor, nombre, estado_civil, edad) VALUES (25, 'Clemente Gallegos Pacheco', 'Casado', 34);
INSERT INTO dim_actor (id_actor, nombre, estado_civil, edad) VALUES (26, 'Genaro José Luis Téllez Perales', 'Divorciado', 65);
INSERT INTO dim_actor (id_actor, nombre, estado_civil, edad) VALUES (27, 'Luis Miguel Lozano Nevárez', 'Divorciado', 57);
INSERT INTO dim_actor (id_actor, nombre, estado_civil, edad) VALUES (28, 'Rubén Rebeca Barraza Santiago', 'Soltero', 44);
INSERT INTO dim_actor (id_actor, nombre, estado_civil, edad) VALUES (29, 'Mtro. Tomás Vigil', 'Viudo', 40);
INSERT INTO dim_actor (id_actor, nombre, estado_civil, edad) VALUES (30, 'Abelardo Pascual Prado', 'Viudo', 34);
INSERT INTO dim_actor (id_actor, nombre, estado_civil, edad) VALUES (31, 'Diego Grijalva Cuellar', 'Divorciado', 64);
INSERT INTO dim_actor (id_actor, nombre, estado_civil, edad) VALUES (32, 'Dolores Augusto Castro', 'Divorciado', 51);
INSERT INTO dim_actor (id_actor, nombre, estado_civil, edad) VALUES (33, 'Verónica Caballero', 'Soltero', 47);
INSERT INTO dim_actor (id_actor, nombre, estado_civil, edad) VALUES (34, 'Ángela Marisol Villa Pedroza', 'Union libre', 61);
INSERT INTO dim_actor (id_actor, nombre, estado_civil, edad) VALUES (35, 'Ivonne Mitzy Rael Magaña', 'Divorciado', 69);
INSERT INTO dim_actor (id_actor, nombre, estado_civil, edad) VALUES (36, 'Sandra Nadia Casas', 'Divorciado', 51);
INSERT INTO dim_actor (id_actor, nombre, estado_civil, edad) VALUES (37, 'Patricio Débora Pizarro Elizondo', 'Viudo', 53);
INSERT INTO dim_actor (id_actor, nombre, estado_civil, edad) VALUES (38, 'Sr(a). Roberto Lebrón', 'Viudo', 66);
INSERT INTO dim_actor (id_actor, nombre, estado_civil, edad) VALUES (39, 'Teodoro Anaya', 'Union libre', 50);
INSERT INTO dim_actor (id_actor, nombre, estado_civil, edad) VALUES (40, 'Alvaro Adalberto Parra', 'Soltero', 65);
INSERT INTO dim_actor (id_actor, nombre, estado_civil, edad) VALUES (41, 'Evelio Agustín Amador', 'Union libre', 45);
INSERT INTO dim_actor (id_actor, nombre, estado_civil, edad) VALUES (42, 'Rolando Vásquez Pulido', 'Soltero', 54);
INSERT INTO dim_actor (id_actor, nombre, estado_civil, edad) VALUES (43, 'Jaime Alba Vigil', 'Viudo', 57);
INSERT INTO dim_actor (id_actor, nombre, estado_civil, edad) VALUES (44, 'Claudio Granados', 'Viudo', 46);
INSERT INTO dim_actor (id_actor, nombre, estado_civil, edad) VALUES (45, 'Alonso María Elena Soria Niño', 'Soltero', 59);
INSERT INTO dim_actor (id_actor, nombre, estado_civil, edad) VALUES (46, 'Frida Rosalia Villalpando Ordóñez', 'Divorciado', 27);
INSERT INTO dim_actor (id_actor, nombre, estado_civil, edad) VALUES (47, 'Leonardo Susana Sáenz', 'Viudo', 53);
INSERT INTO dim_actor (id_actor, nombre, estado_civil, edad) VALUES (48, 'Alfredo Estefanía Sauceda Valdés', 'Divorciado', 47);
INSERT INTO dim_actor (id_actor, nombre, estado_civil, edad) VALUES (49, 'Verónica Josefina Tirado', 'Viudo', 34);
INSERT INTO dim_actor (id_actor, nombre, estado_civil, edad) VALUES (50, 'Clara Pedraza', 'Union libre', 67);
INSERT INTO dim_actor (id_actor, nombre, estado_civil, edad) VALUES (51, 'Rufino María Luisa Piña', 'Divorciado', 39);
INSERT INTO dim_actor (id_actor, nombre, estado_civil, edad) VALUES (52, 'Mario Adán Espino Cardenas', 'Soltero', 46);
INSERT INTO dim_actor (id_actor, nombre, estado_civil, edad) VALUES (53, 'Oswaldo Pabón', 'Viudo', 61);
INSERT INTO dim_actor (id_actor, nombre, estado_civil, edad) VALUES (54, 'Sr(a). Emilio Angulo', 'Casado', 33);
INSERT INTO dim_actor (id_actor, nombre, estado_civil, edad) VALUES (55, 'Luz Natalia de León', 'Union libre', 29);
INSERT INTO dim_actor (id_actor, nombre, estado_civil, edad) VALUES (56, 'Josefina Salma Rivera', 'Viudo', 28);
INSERT INTO dim_actor (id_actor, nombre, estado_civil, edad) VALUES (57, 'Alta  Gracia Salazar Lerma', 'Viudo', 43);
INSERT INTO dim_actor (id_actor, nombre, estado_civil, edad) VALUES (58, 'Dr. Mónica Tirado', 'Viudo', 32);
INSERT INTO dim_actor (id_actor, nombre, estado_civil, edad) VALUES (59, 'Victoria Llamas Arevalo', 'Union libre', 68);
INSERT INTO dim_actor (id_actor, nombre, estado_civil, edad) VALUES (60, 'Alicia Arteaga', 'Divorciado', 68);
INSERT INTO dim_actor (id_actor, nombre, estado_civil, edad) VALUES (61, 'Rafaél Benjamín Amaya', 'Viudo', 62);
INSERT INTO dim_actor (id_actor, nombre, estado_civil, edad) VALUES (62, 'Mauricio Guadalupe Castellanos Tejeda', 'Viudo', 37);
INSERT INTO dim_actor (id_actor, nombre, estado_civil, edad) VALUES (63, 'Ing. Omar Monroy', 'Union libre', 52);
INSERT INTO dim_actor (id_actor, nombre, estado_civil, edad) VALUES (64, 'Sr(a). Pedro Menéndez', 'Viudo', 26);
INSERT INTO dim_actor (id_actor, nombre, estado_civil, edad) VALUES (65, 'José Luis Sergio Saavedra Rodrígez', 'Viudo', 31);
INSERT INTO dim_actor (id_actor, nombre, estado_civil, edad) VALUES (66, 'Angélica Cecilia Tórrez Ceballos', 'Soltero', 37);
INSERT INTO dim_actor (id_actor, nombre, estado_civil, edad) VALUES (67, 'José Lebrón Saavedra', 'Soltero', 57);
INSERT INTO dim_actor (id_actor, nombre, estado_civil, edad) VALUES (68, 'Sr(a). Fidel del Valle', 'Casado', 68);
INSERT INTO dim_actor (id_actor, nombre, estado_civil, edad) VALUES (69, 'Emilia Cepeda', 'Viudo', 51);
INSERT INTO dim_actor (id_actor, nombre, estado_civil, edad) VALUES (70, 'Lic. Augusto Berríos', 'Soltero', 32);
INSERT INTO dim_actor (id_actor, nombre, estado_civil, edad) VALUES (71, 'María Luisa Aldo Herrera Parra', 'Soltero', 40);
INSERT INTO dim_actor (id_actor, nombre, estado_civil, edad) VALUES (72, 'Eugenio Mauro Bernal', 'Casado', 70);
INSERT INTO dim_actor (id_actor, nombre, estado_civil, edad) VALUES (73, 'Isabela Arturo Mercado Ruiz', 'Divorciado', 46);
INSERT INTO dim_actor (id_actor, nombre, estado_civil, edad) VALUES (74, 'Ilse Natalia Reyes Trejo', 'Divorciado', 27);
INSERT INTO dim_actor (id_actor, nombre, estado_civil, edad) VALUES (75, 'Esteban Hernandes', 'Viudo', 35);
INSERT INTO dim_actor (id_actor, nombre, estado_civil, edad) VALUES (76, 'Sr(a). Pilar Maestas', 'Union libre', 43);
INSERT INTO dim_actor (id_actor, nombre, estado_civil, edad) VALUES (77, 'Citlali Barrera', 'Soltero', 62);
INSERT INTO dim_actor (id_actor, nombre, estado_civil, edad) VALUES (78, 'Zacarías Silvia Perales', 'Union libre', 44);
INSERT INTO dim_actor (id_actor, nombre, estado_civil, edad) VALUES (79, 'Mtro. Alma Téllez', 'Divorciado', 30);
INSERT INTO dim_actor (id_actor, nombre, estado_civil, edad) VALUES (80, 'Joaquín Mauricio de la O Villegas', 'Soltero', 69);
INSERT INTO dim_actor (id_actor, nombre, estado_civil, edad) VALUES (81, 'Abigail René Crespo', 'Viudo', 66);
INSERT INTO dim_actor (id_actor, nombre, estado_civil, edad) VALUES (82, 'Jos Balderas', 'Casado', 52);
INSERT INTO dim_actor (id_actor, nombre, estado_civil, edad) VALUES (83, 'Lic. Eloisa Pantoja', 'Soltero', 35);
INSERT INTO dim_actor (id_actor, nombre, estado_civil, edad) VALUES (84, 'Frida Salma Cedillo', 'Union libre', 68);
INSERT INTO dim_actor (id_actor, nombre, estado_civil, edad) VALUES (85, 'Zoé Yeni Lemus', 'Union libre', 45);
INSERT INTO dim_actor (id_actor, nombre, estado_civil, edad) VALUES (86, 'Leonor Hermelinda Botello', 'Union libre', 59);
INSERT INTO dim_actor (id_actor, nombre, estado_civil, edad) VALUES (87, 'Ramón Samaniego', 'Divorciado', 69);
INSERT INTO dim_actor (id_actor, nombre, estado_civil, edad) VALUES (88, 'Israel Úrsula Otero Alba', 'Viudo', 60);
INSERT INTO dim_actor (id_actor, nombre, estado_civil, edad) VALUES (89, 'Rodrigo Felipe Quiroz', 'Viudo', 41);
INSERT INTO dim_actor (id_actor, nombre, estado_civil, edad) VALUES (90, 'Ing. Andrea Cisneros', 'Casado', 68);
INSERT INTO dim_actor (id_actor, nombre, estado_civil, edad) VALUES (91, 'Guillermo Eloisa Alarcón', 'Union libre', 59);
INSERT INTO dim_actor (id_actor, nombre, estado_civil, edad) VALUES (92, 'Dr. Claudio Cabán', 'Viudo', 53);
INSERT INTO dim_actor (id_actor, nombre, estado_civil, edad) VALUES (93, 'Salma Franco Salcido', 'Viudo', 59);
INSERT INTO dim_actor (id_actor, nombre, estado_civil, edad) VALUES (94, 'Alvaro Hidalgo', 'Union libre', 50);
INSERT INTO dim_actor (id_actor, nombre, estado_civil, edad) VALUES (95, 'Alicia Rosado Miramontes', 'Soltero', 63);
INSERT INTO dim_actor (id_actor, nombre, estado_civil, edad) VALUES (96, 'Mtro. Isaac Rodarte', 'Casado', 37);
INSERT INTO dim_actor (id_actor, nombre, estado_civil, edad) VALUES (97, 'Aurora Natalia Paredes Serrato', 'Divorciado', 42);
INSERT INTO dim_actor (id_actor, nombre, estado_civil, edad) VALUES (98, 'Linda Gloria Alvarez Tovar', 'Viudo', 32);
INSERT INTO dim_actor (id_actor, nombre, estado_civil, edad) VALUES (99, 'Darío Olvera', 'Soltero', 47);
INSERT INTO dim_actor (id_actor, nombre, estado_civil, edad) VALUES (100, 'Carlos Lerma Hernádez', 'Casado', 65);
-- DIRECTORES - Giuseppe Tornatore primero para Cinema Paradiso
INSERT INTO dim_director (id_director, nombre, telefono) VALUES (1, 'Giuseppe Tornatore', '+39-09-123-456-78');
INSERT INTO dim_director (id_director, nombre) VALUES (2, 'Abraham Cedillo');
INSERT INTO dim_director (id_director, nombre) VALUES (3, 'Óliver Villegas Tejada');
INSERT INTO dim_director (id_director, nombre) VALUES (4, 'Alejandro Baca Adame');
INSERT INTO dim_director (id_director, nombre) VALUES (5, 'Mtro. Cecilia Fierro');
INSERT INTO dim_director (id_director, nombre) VALUES (6, 'Caridad Esperanza Peña Partida');
INSERT INTO dim_director (id_director, nombre) VALUES (7, 'Dr. Esther Cisneros');
INSERT INTO dim_director (id_director, nombre) VALUES (8, 'Karina Soledad Barrientos');
INSERT INTO dim_director (id_director, nombre) VALUES (9, 'Zoé Concepción');
INSERT INTO dim_director (id_director, nombre) VALUES (10, 'Vanesa Polanco Caraballo');
INSERT INTO dim_director (id_director, nombre) VALUES (11, 'Leonel Haro Carbajal');
INSERT INTO dim_director (id_director, nombre) VALUES (12, 'Arturo Israel Irizarry Quintana');
INSERT INTO dim_director (id_director, nombre) VALUES (13, 'Lilia Palomino');
INSERT INTO dim_director (id_director, nombre) VALUES (14, 'Dr. Martín Paz');
INSERT INTO dim_director (id_director, nombre) VALUES (15, 'Mauro Leonardo Gollum');
INSERT INTO dim_director (id_director, nombre) VALUES (16, 'Fidel Héctor Toledo');
INSERT INTO dim_director (id_director, nombre) VALUES (17, 'Arturo José Emilio Zaragoza Domínguez');
INSERT INTO dim_director (id_director, nombre) VALUES (18, 'Gilberto Arevalo Loya');
INSERT INTO dim_director (id_director, nombre) VALUES (19, 'Ing. Ivonne Franco');
INSERT INTO dim_director (id_director, nombre) VALUES (20, 'Lilia Duarte');
-- PRODUCTORES - Franco Cristaldi primero para Cinema Paradiso
INSERT INTO dim_productor (id_productor, nombre, telefono) VALUES (1, 'Franco Cristaldi', '+39-02-987-654-32');
INSERT INTO dim_productor (id_productor, nombre) VALUES (2, 'Asunción Villalpando Ulloa');
INSERT INTO dim_productor (id_productor, nombre) VALUES (3, 'Dr. Mauro Quiñones');
INSERT INTO dim_productor (id_productor, nombre) VALUES (4, 'Clemente Timoteo Valles Vásquez');
INSERT INTO dim_productor (id_productor, nombre) VALUES (5, 'Sergio Marisol Matos');
INSERT INTO dim_productor (id_productor, nombre) VALUES (6, 'Dr. Víctor Mena');
INSERT INTO dim_productor (id_productor, nombre) VALUES (7, 'Itzel Rosario Contreras');
INSERT INTO dim_productor (id_productor, nombre) VALUES (8, 'Camilo Trinidad Acevedo Fuentes');
INSERT INTO dim_productor (id_productor, nombre) VALUES (9, 'Salma Modesto Calderón Tórrez');
INSERT INTO dim_productor (id_productor, nombre) VALUES (10, 'Humberto Toledo Fernández');
INSERT INTO dim_productor (id_productor, nombre) VALUES (14, 'Javier Pamela Hernández Alarcón');
INSERT INTO dim_productor (id_productor, nombre) VALUES (15, 'Alberto Guardado Carrión');
INSERT INTO dim_productor (id_productor, nombre) VALUES (16, 'José Manuél Abigail Castellanos Ramón');
INSERT INTO dim_productor (id_productor, nombre) VALUES (17, 'Elvia Garibay Bahena');
INSERT INTO dim_productor (id_productor, nombre) VALUES (18, 'Marcos Amaya Cavazos');
INSERT INTO dim_productor (id_productor, nombre) VALUES (19, 'Pilar Paz');
INSERT INTO dim_productor (id_productor, nombre) VALUES (20, 'Juan Alta  Gracia Terrazas');
INSERT INTO dim_productor (id_productor, nombre) VALUES (21, 'Beatriz Chacón');
INSERT INTO dim_productor (id_productor, nombre) VALUES (22, 'Andrés Nancy Arias');
INSERT INTO dim_productor (id_productor, nombre) VALUES (23, 'Agustín Olivárez Zedillo');
INSERT INTO dim_productor (id_productor, nombre) VALUES (24, 'Socorro Beltrán');
INSERT INTO dim_productor (id_productor, nombre) VALUES (25, 'Javier Leonor Angulo Alarcón');
INSERT INTO dim_productor (id_productor, nombre) VALUES (26, 'Darío Madrigal');
INSERT INTO dim_productor (id_productor, nombre) VALUES (27, 'María Flavio Gallegos');
INSERT INTO dim_productor (id_productor, nombre) VALUES (28, 'Cristian Almaraz');
INSERT INTO dim_productor (id_productor, nombre) VALUES (29, 'Sr(a). Héctor Aguayo');
INSERT INTO dim_productor (id_productor, nombre) VALUES (30, 'Timoteo Valdés');
INSERT INTO dim_productor (id_productor, nombre) VALUES (31, 'Conchita Lomeli');
INSERT INTO dim_productor (id_productor, nombre) VALUES (32, 'Octavio Gregorio Villa');
INSERT INTO dim_productor (id_productor, nombre) VALUES (33, 'Beatriz Joaquín Reséndez');
INSERT INTO dim_productor (id_productor, nombre) VALUES (34, 'Eva Norma Miramontes Trejo');
INSERT INTO dim_productor (id_productor, nombre) VALUES (35, 'Violeta Beatriz Garza');
INSERT INTO dim_productor (id_productor, nombre) VALUES (36, 'Adán José Carlos Roldán');
INSERT INTO dim_productor (id_productor, nombre) VALUES (37, 'Gustavo Fidel Ramírez Benavides');
INSERT INTO dim_productor (id_productor, nombre) VALUES (38, 'Helena Sáenz Palomo');
INSERT INTO dim_productor (id_productor, nombre) VALUES (39, 'Virginia Carlos Núñez Rosales');
INSERT INTO dim_productor (id_productor, nombre) VALUES (40, 'Florencia José Eduardo Cuellar');
INSERT INTO dim_productor (id_productor, nombre) VALUES (41, 'Mtro. Hilda Grijalva');
INSERT INTO dim_productor (id_productor, nombre) VALUES (42, 'Ing. Rodolfo Casillas');
INSERT INTO dim_productor (id_productor, nombre) VALUES (43, 'Octavio César Olivas');
INSERT INTO dim_productor (id_productor, nombre) VALUES (44, 'Ing. Cynthia Villarreal');
INSERT INTO dim_productor (id_productor, nombre) VALUES (45, 'Paola Cristobal Pelayo');
INSERT INTO dim_productor (id_productor, nombre) VALUES (46, 'Augusto Josefina Castañeda');
INSERT INTO dim_productor (id_productor, nombre) VALUES (47, 'Alejandra Aida Lovato');
INSERT INTO dim_productor (id_productor, nombre) VALUES (48, 'Espartaco Lourdes Zepeda');
INSERT INTO dim_productor (id_productor, nombre) VALUES (49, 'Serafín Amalia Luevano Granados');
INSERT INTO dim_productor (id_productor, nombre) VALUES (50, 'Gabino Luna Reyes');
INSERT INTO dim_productor (id_productor, nombre) VALUES (51, 'Soledad Soledad Carranza');
INSERT INTO dim_productor (id_productor, nombre) VALUES (52, 'Felix Ávalos');
INSERT INTO dim_productor (id_productor, nombre) VALUES (53, 'María Dolores Avilés');
INSERT INTO dim_productor (id_productor, nombre) VALUES (54, 'Sr(a). Pamela Centeno');
INSERT INTO dim_productor (id_productor, nombre) VALUES (55, 'Lourdes Barraza');
INSERT INTO dim_productor (id_productor, nombre) VALUES (56, 'César Bernabé Fajardo');
INSERT INTO dim_productor (id_productor, nombre) VALUES (57, 'Bruno Lebrón Báez');
INSERT INTO dim_productor (id_productor, nombre) VALUES (58, 'Humberto León Campos');
INSERT INTO dim_productor (id_productor, nombre) VALUES (59, 'Marco Antonio Cadena');
INSERT INTO dim_productor (id_productor, nombre) VALUES (60, 'Dulce Leticia Gaona Blanco');
INSERT INTO dim_productor (id_productor, nombre) VALUES (61, 'Francisca Meza');
INSERT INTO dim_productor (id_productor, nombre) VALUES (62, 'Emiliano Rolando Miranda');
INSERT INTO dim_productor (id_productor, nombre) VALUES (63, 'Sr(a). Camilo Camacho');
INSERT INTO dim_productor (id_productor, nombre) VALUES (64, 'Sr(a). Aurelio Palomino');
INSERT INTO dim_productor (id_productor, nombre) VALUES (65, 'Sofía Cantú Valdivia');
INSERT INTO dim_productor (id_productor, nombre) VALUES (66, 'Luis Miguel Aldonza Balderas');
INSERT INTO dim_productor (id_productor, nombre) VALUES (67, 'Minerva Lerma Méndez');
INSERT INTO dim_productor (id_productor, nombre) VALUES (68, 'Felix Molina Meza');
INSERT INTO dim_productor (id_productor, nombre) VALUES (69, 'Emilio Nadia Guevara');
INSERT INTO dim_productor (id_productor, nombre) VALUES (70, 'Octavio Trinidad Piña');
INSERT INTO dim_productor (id_productor, nombre) VALUES (71, 'Juan Carlos Parra Quintana');
INSERT INTO dim_productor (id_productor, nombre) VALUES (72, 'Adán Casares Lucio');
INSERT INTO dim_productor (id_productor, nombre) VALUES (73, 'Ricardo Pascual Rincón');
INSERT INTO dim_productor (id_productor, nombre) VALUES (74, 'Ángela Ocampo Carranza');
INSERT INTO dim_productor (id_productor, nombre) VALUES (75, 'Mónica Araceli Muñiz Aranda');
INSERT INTO dim_productor (id_productor, nombre) VALUES (76, 'Daniela Luis Partida López');
INSERT INTO dim_productor (id_productor, nombre) VALUES (77, 'Alta  Gracia Pedraza');
INSERT INTO dim_productor (id_productor, nombre) VALUES (78, 'Abraham Cabán');
INSERT INTO dim_productor (id_productor, nombre) VALUES (79, 'José Manuél Zavala');
INSERT INTO dim_productor (id_productor, nombre) VALUES (80, 'Sofía Inés Jáquez Arce');
INSERT INTO dim_productor (id_productor, nombre) VALUES (81, 'Celia Uriel Venegas Carrión');
INSERT INTO dim_productor (id_productor, nombre) VALUES (82, 'Pamela Ramón Carrera Tapia');
INSERT INTO dim_productor (id_productor, nombre) VALUES (83, 'Ing. Camila Vanegas');
INSERT INTO dim_productor (id_productor, nombre) VALUES (84, 'Sr(a). Vicente Solorzano');
INSERT INTO dim_productor (id_productor, nombre) VALUES (85, 'Socorro Jaime Caballero');
INSERT INTO dim_productor (id_productor, nombre) VALUES (86, 'Amador Garza');
INSERT INTO dim_productor (id_productor, nombre) VALUES (87, 'Mtro. Eloy Guerra');
INSERT INTO dim_productor (id_productor, nombre) VALUES (88, 'Ruby Cardenas Alonzo');
INSERT INTO dim_productor (id_productor, nombre) VALUES (89, 'Minerva Vega');
INSERT INTO dim_productor (id_productor, nombre) VALUES (90, 'Liliana Adriana Pacheco Gallardo');
INSERT INTO dim_productor (id_productor, nombre) VALUES (91, 'Alicia Carmen Rodríquez');
INSERT INTO dim_productor (id_productor, nombre) VALUES (92, 'Cristobal Márquez');
INSERT INTO dim_productor (id_productor, nombre) VALUES (93, 'Benjamín Benito Orellana Yáñez');
INSERT INTO dim_productor (id_productor, nombre) VALUES (94, 'Trinidad Iglesias');
INSERT INTO dim_productor (id_productor, nombre) VALUES (95, 'Ernesto Sessa Benavídez Quiñónez');
INSERT INTO dim_productor (id_productor, nombre) VALUES (96, 'Emilia Apodaca');
INSERT INTO dim_productor (id_productor, nombre) VALUES (97, 'Catalina Dulce María Ontiveros');
INSERT INTO dim_productor (id_productor, nombre) VALUES (98, 'Gustavo Gallardo Baca');
INSERT INTO dim_productor (id_productor, nombre) VALUES (99, 'Dr. Armando Carmona');
INSERT INTO dim_productor (id_productor, nombre) VALUES (100, 'Blanca Vanesa Salcido Arguello');
-- PELÍCULAS - Cinema Paradiso primera para las consultas
INSERT INTO dim_pelicula (id_pelicula, titulo, premio_nombre, premio_lugar, premio_ranking) VALUES (1, 'Cinema Paradiso', 'Oscar Mejor Película Extranjera', 'Hollywood, Los Angeles', 1);
INSERT INTO dim_pelicula (id_pelicula, titulo, premio_nombre, premio_lugar, premio_ranking) VALUES (99, 'Cinema Paradiso', 'Palma de Oro', 'Cannes, Francia', 1);
INSERT INTO dim_pelicula (id_pelicula, titulo, premio_nombre, premio_lugar, premio_ranking) VALUES (98, 'Cinema Paradiso', 'Gran Premio del Jurado', 'Cannes, Francia', 2);
INSERT INTO dim_pelicula (id_pelicula, titulo) VALUES (2, 'Molestias quidem hic.');
INSERT INTO dim_pelicula (id_pelicula, titulo) VALUES (3, 'Eos sunt.');
INSERT INTO dim_pelicula (id_pelicula, titulo) VALUES (4, 'Aut dicta facere.');
INSERT INTO dim_pelicula (id_pelicula, titulo) VALUES (5, 'Tenetur.');
INSERT INTO dim_pelicula (id_pelicula, titulo) VALUES (6, 'Ad minima modi amet.');
INSERT INTO dim_pelicula (id_pelicula, titulo) VALUES (7, 'Praesentium beatae minus.');
INSERT INTO dim_pelicula (id_pelicula, titulo) VALUES (8, 'Animi ea perferendis.');
INSERT INTO dim_pelicula (id_pelicula, titulo) VALUES (9, 'Aperiam dolorum blanditiis quos.');
INSERT INTO dim_pelicula (id_pelicula, titulo) VALUES (10, 'Veritatis nam.');
INSERT INTO dim_pelicula (id_pelicula, titulo) VALUES (11, 'Fuga velit ab pariatur.');
INSERT INTO dim_pelicula (id_pelicula, titulo) VALUES (12, 'Dolorum error quaerat.');
INSERT INTO dim_pelicula (id_pelicula, titulo) VALUES (13, 'Eligendi numquam tempore.');
INSERT INTO dim_pelicula (id_pelicula, titulo) VALUES (14, 'Quasi blanditiis culpa.');
INSERT INTO dim_pelicula (id_pelicula, titulo) VALUES (15, 'Animi quod.');
INSERT INTO dim_pelicula (id_pelicula, titulo) VALUES (16, 'Veritatis.');
INSERT INTO dim_pelicula (id_pelicula, titulo) VALUES (17, 'Ea ipsam itaque.');
INSERT INTO dim_pelicula (id_pelicula, titulo) VALUES (18, 'Placeat tempore.');
INSERT INTO dim_pelicula (id_pelicula, titulo) VALUES (19, 'Ratione adipisci.');
INSERT INTO dim_pelicula (id_pelicula, titulo) VALUES (20, 'Quos unde natus.');
INSERT INTO dim_pelicula (id_pelicula, titulo) VALUES (21, 'Aliquam neque nesciunt.');
INSERT INTO dim_pelicula (id_pelicula, titulo) VALUES (22, 'Soluta nemo quo at.');
INSERT INTO dim_pelicula (id_pelicula, titulo) VALUES (23, 'Expedita facilis.');
INSERT INTO dim_pelicula (id_pelicula, titulo) VALUES (24, 'Modi nulla.');
INSERT INTO dim_pelicula (id_pelicula, titulo) VALUES (25, 'A quis totam.');
INSERT INTO dim_pelicula (id_pelicula, titulo) VALUES (26, 'Nesciunt quasi sed.');
INSERT INTO dim_pelicula (id_pelicula, titulo) VALUES (27, 'Doloremque vel.');
INSERT INTO dim_pelicula (id_pelicula, titulo) VALUES (28, 'Fuga numquam architecto.');
INSERT INTO dim_pelicula (id_pelicula, titulo) VALUES (29, 'Nobis debitis.');
INSERT INTO dim_pelicula (id_pelicula, titulo) VALUES (30, 'Sit inventore.');
INSERT INTO dim_pelicula (id_pelicula, titulo) VALUES (31, 'Quasi labore.');
INSERT INTO dim_pelicula (id_pelicula, titulo) VALUES (32, 'Nemo quos.');
INSERT INTO dim_pelicula (id_pelicula, titulo) VALUES (33, 'Veritatis vitae maiores.');
INSERT INTO dim_pelicula (id_pelicula, titulo) VALUES (34, 'Sapiente.');
INSERT INTO dim_pelicula (id_pelicula, titulo) VALUES (35, 'Fugit.');
INSERT INTO dim_pelicula (id_pelicula, titulo) VALUES (36, 'Facere.');
INSERT INTO dim_pelicula (id_pelicula, titulo) VALUES (37, 'Eos modi.');
INSERT INTO dim_pelicula (id_pelicula, titulo) VALUES (38, 'Consequatur aperiam.');
INSERT INTO dim_pelicula (id_pelicula, titulo) VALUES (39, 'Provident quo.');
INSERT INTO dim_pelicula (id_pelicula, titulo) VALUES (40, 'Iste fugiat.');
INSERT INTO dim_pelicula (id_pelicula, titulo) VALUES (41, 'Esse.');
INSERT INTO dim_pelicula (id_pelicula, titulo) VALUES (42, 'Ipsam sapiente ea.');
INSERT INTO dim_pelicula (id_pelicula, titulo) VALUES (43, 'Corporis optio.');
INSERT INTO dim_pelicula (id_pelicula, titulo) VALUES (44, 'Odio sapiente.');
INSERT INTO dim_pelicula (id_pelicula, titulo) VALUES (45, 'Ad ex aspernatur.');
INSERT INTO dim_pelicula (id_pelicula, titulo) VALUES (46, 'Ipsum.');
INSERT INTO dim_pelicula (id_pelicula, titulo) VALUES (47, 'Tempore dolorem.');
INSERT INTO dim_pelicula (id_pelicula, titulo) VALUES (48, 'Saepe quis.');
INSERT INTO dim_pelicula (id_pelicula, titulo) VALUES (49, 'Consectetur repellat.');
INSERT INTO dim_pelicula (id_pelicula, titulo) VALUES (50, 'Iusto ad vero culpa.');
INSERT INTO dim_pelicula (id_pelicula, titulo) VALUES (51, 'Est facilis.');
INSERT INTO dim_pelicula (id_pelicula, titulo) VALUES (52, 'Magnam.');
INSERT INTO dim_pelicula (id_pelicula, titulo) VALUES (53, 'Vitae voluptate illum commodi.');
INSERT INTO dim_pelicula (id_pelicula, titulo) VALUES (54, 'Vitae quia.');
INSERT INTO dim_pelicula (id_pelicula, titulo) VALUES (55, 'Consequuntur nemo.');
INSERT INTO dim_pelicula (id_pelicula, titulo) VALUES (56, 'Itaque molestiae asperiores.');
INSERT INTO dim_pelicula (id_pelicula, titulo) VALUES (57, 'Debitis magnam placeat.');
INSERT INTO dim_pelicula (id_pelicula, titulo) VALUES (58, 'Ex molestiae.');
INSERT INTO dim_pelicula (id_pelicula, titulo) VALUES (59, 'Saepe soluta reprehenderit quae.');
INSERT INTO dim_pelicula (id_pelicula, titulo) VALUES (60, 'In.');
INSERT INTO dim_pelicula (id_pelicula, titulo) VALUES (61, 'Quis autem.');
INSERT INTO dim_pelicula (id_pelicula, titulo) VALUES (62, 'Quibusdam deserunt quasi.');
INSERT INTO dim_pelicula (id_pelicula, titulo) VALUES (63, 'Adipisci ratione.');
INSERT INTO dim_pelicula (id_pelicula, titulo) VALUES (64, 'Iusto esse nisi.');
INSERT INTO dim_pelicula (id_pelicula, titulo) VALUES (65, 'Dolore.');
INSERT INTO dim_pelicula (id_pelicula, titulo) VALUES (66, 'Qui expedita.');
INSERT INTO dim_pelicula (id_pelicula, titulo) VALUES (67, 'Saepe excepturi.');
INSERT INTO dim_pelicula (id_pelicula, titulo) VALUES (68, 'Ipsam vero earum.');
INSERT INTO dim_pelicula (id_pelicula, titulo) VALUES (69, 'Beatae quasi.');
INSERT INTO dim_pelicula (id_pelicula, titulo) VALUES (70, 'Dolores voluptate consequuntur.');
INSERT INTO dim_pelicula (id_pelicula, titulo) VALUES (71, 'Corrupti perspiciatis distinctio.');
INSERT INTO dim_pelicula (id_pelicula, titulo) VALUES (72, 'Repudiandae dicta expedita.');
INSERT INTO dim_pelicula (id_pelicula, titulo) VALUES (73, 'Nemo soluta ut officiis.');
INSERT INTO dim_pelicula (id_pelicula, titulo) VALUES (74, 'Quia vero quae.');
INSERT INTO dim_pelicula (id_pelicula, titulo) VALUES (75, 'Quas cum.');
INSERT INTO dim_pelicula (id_pelicula, titulo) VALUES (76, 'Vitae quo incidunt ratione.');
INSERT INTO dim_pelicula (id_pelicula, titulo) VALUES (77, 'Ex numquam tempora.');
INSERT INTO dim_pelicula (id_pelicula, titulo) VALUES (78, 'Laborum.');
INSERT INTO dim_pelicula (id_pelicula, titulo) VALUES (79, 'Nisi ut consectetur.');
INSERT INTO dim_pelicula (id_pelicula, titulo) VALUES (80, 'Quae laborum provident.');
INSERT INTO dim_pelicula (id_pelicula, titulo) VALUES (81, 'Eum doloribus dignissimos.');
INSERT INTO dim_pelicula (id_pelicula, titulo) VALUES (82, 'Facilis.');
INSERT INTO dim_pelicula (id_pelicula, titulo) VALUES (83, 'Deserunt est.');
INSERT INTO dim_pelicula (id_pelicula, titulo) VALUES (84, 'Ullam inventore.');
INSERT INTO dim_pelicula (id_pelicula, titulo) VALUES (85, 'Placeat occaecati alias.');
INSERT INTO dim_pelicula (id_pelicula, titulo) VALUES (86, 'Ducimus quod.');
INSERT INTO dim_pelicula (id_pelicula, titulo) VALUES (87, 'Doloremque perferendis ex.');
INSERT INTO dim_pelicula (id_pelicula, titulo) VALUES (88, 'Doloribus veritatis.');
INSERT INTO dim_pelicula (id_pelicula, titulo) VALUES (89, 'Illo suscipit.');
INSERT INTO dim_pelicula (id_pelicula, titulo) VALUES (90, 'Ratione voluptas.');
INSERT INTO dim_pelicula (id_pelicula, titulo) VALUES (91, 'Occaecati molestiae.');
INSERT INTO dim_pelicula (id_pelicula, titulo) VALUES (92, 'Sed repellendus.');
INSERT INTO dim_pelicula (id_pelicula, titulo) VALUES (93, 'Sunt magni.');
INSERT INTO dim_pelicula (id_pelicula, titulo) VALUES (94, 'Earum impedit ipsam ad.');
INSERT INTO dim_pelicula (id_pelicula, titulo) VALUES (95, 'Repellat aliquid.');
INSERT INTO dim_pelicula (id_pelicula, titulo) VALUES (96, 'Laborum.');
INSERT INTO dim_pelicula (id_pelicula, titulo) VALUES (97, 'Accusantium excepturi a veritatis.');
INSERT INTO dim_pelicula (id_pelicula, titulo) VALUES (98, 'Repellat itaque nemo iure.');
INSERT INTO dim_pelicula (id_pelicula, titulo) VALUES (99, 'Molestias.');
INSERT INTO dim_pelicula (id_pelicula, titulo) VALUES (100, 'Illo aspernatur pariatur repellat.');
-- FECHAS - Agregando fechas específicas de 1990 para Cinema Paradiso
INSERT INTO dim_fecha (id_fecha, anio, mes, dia, trimestre) VALUES ('1990-08-15', 1990, 8, 15, 3);
INSERT INTO dim_fecha (id_fecha, anio, mes, dia, trimestre) VALUES ('1990-08-20', 1990, 8, 20, 3);
INSERT INTO dim_fecha (id_fecha, anio, mes, dia, trimestre) VALUES ('1990-08-25', 1990, 8, 25, 3);
INSERT INTO dim_fecha (id_fecha, anio, mes, dia, trimestre) VALUES ('1990-08-30', 1990, 8, 30, 3);
INSERT INTO dim_fecha (id_fecha, anio, mes, dia, trimestre) VALUES ('1990-06-01', 1990, 6, 1, 2);
INSERT INTO dim_fecha (id_fecha, anio, mes, dia, trimestre) VALUES ('2007-10-11', 2007, 10, 11, 4);
INSERT INTO dim_fecha (id_fecha, anio, mes, dia, trimestre) VALUES ('2009-03-28', 2009, 3, 28, 1);
INSERT INTO dim_fecha (id_fecha, anio, mes, dia, trimestre) VALUES ('2007-07-10', 2007, 7, 10, 3);
INSERT INTO dim_fecha (id_fecha, anio, mes, dia, trimestre) VALUES ('2009-08-18', 2009, 8, 18, 3);
INSERT INTO dim_fecha (id_fecha, anio, mes, dia, trimestre) VALUES ('2023-02-25', 2023, 2, 25, 1);
INSERT INTO dim_fecha (id_fecha, anio, mes, dia, trimestre) VALUES ('2025-02-28', 2025, 2, 28, 1);
INSERT INTO dim_fecha (id_fecha, anio, mes, dia, trimestre) VALUES ('2010-09-29', 2010, 9, 29, 3);
INSERT INTO dim_fecha (id_fecha, anio, mes, dia, trimestre) VALUES ('2010-05-14', 2010, 5, 14, 2);
INSERT INTO dim_fecha (id_fecha, anio, mes, dia, trimestre) VALUES ('2010-08-23', 2010, 8, 23, 3);
INSERT INTO dim_fecha (id_fecha, anio, mes, dia, trimestre) VALUES ('2016-04-07', 2016, 4, 7, 2);
INSERT INTO dim_fecha (id_fecha, anio, mes, dia, trimestre) VALUES ('2021-01-19', 2021, 1, 19, 1);
INSERT INTO dim_fecha (id_fecha, anio, mes, dia, trimestre) VALUES ('2020-08-14', 2020, 8, 14, 3);
INSERT INTO dim_fecha (id_fecha, anio, mes, dia, trimestre) VALUES ('2012-12-05', 2012, 12, 5, 4);
INSERT INTO dim_fecha (id_fecha, anio, mes, dia, trimestre) VALUES ('2016-10-29', 2016, 10, 29, 4);
INSERT INTO dim_fecha (id_fecha, anio, mes, dia, trimestre) VALUES ('2023-06-21', 2023, 6, 21, 2);
INSERT INTO dim_fecha (id_fecha, anio, mes, dia, trimestre) VALUES ('2009-11-03', 2009, 11, 3, 4);
INSERT INTO dim_fecha (id_fecha, anio, mes, dia, trimestre) VALUES ('2005-11-09', 2005, 11, 9, 4);
INSERT INTO dim_fecha (id_fecha, anio, mes, dia, trimestre) VALUES ('2009-09-06', 2009, 9, 6, 3);
INSERT INTO dim_fecha (id_fecha, anio, mes, dia, trimestre) VALUES ('2006-09-01', 2006, 9, 1, 3);
INSERT INTO dim_fecha (id_fecha, anio, mes, dia, trimestre) VALUES ('2007-12-01', 2007, 12, 1, 4);
INSERT INTO dim_fecha (id_fecha, anio, mes, dia, trimestre) VALUES ('2017-04-29', 2017, 4, 29, 2);
INSERT INTO dim_fecha (id_fecha, anio, mes, dia, trimestre) VALUES ('2009-09-03', 2009, 9, 3, 3);
INSERT INTO dim_fecha (id_fecha, anio, mes, dia, trimestre) VALUES ('2014-07-18', 2014, 7, 18, 3);
INSERT INTO dim_fecha (id_fecha, anio, mes, dia, trimestre) VALUES ('2014-10-29', 2014, 10, 29, 4);
INSERT INTO dim_fecha (id_fecha, anio, mes, dia, trimestre) VALUES ('2021-07-20', 2021, 7, 20, 3);
INSERT INTO dim_fecha (id_fecha, anio, mes, dia, trimestre) VALUES ('2023-10-20', 2023, 10, 20, 4);
INSERT INTO dim_fecha (id_fecha, anio, mes, dia, trimestre) VALUES ('2008-09-19', 2008, 9, 19, 3);
INSERT INTO dim_fecha (id_fecha, anio, mes, dia, trimestre) VALUES ('2010-08-05', 2010, 8, 5, 3);
INSERT INTO dim_fecha (id_fecha, anio, mes, dia, trimestre) VALUES ('2012-02-26', 2012, 2, 26, 1);
INSERT INTO dim_fecha (id_fecha, anio, mes, dia, trimestre) VALUES ('2016-09-13', 2016, 9, 13, 3);
INSERT INTO dim_fecha (id_fecha, anio, mes, dia, trimestre) VALUES ('2009-10-18', 2009, 10, 18, 4);
INSERT INTO dim_fecha (id_fecha, anio, mes, dia, trimestre) VALUES ('2014-06-22', 2014, 6, 22, 2);
INSERT INTO dim_fecha (id_fecha, anio, mes, dia, trimestre) VALUES ('2011-10-30', 2011, 10, 30, 4);
INSERT INTO dim_fecha (id_fecha, anio, mes, dia, trimestre) VALUES ('2023-08-08', 2023, 8, 8, 3);
INSERT INTO dim_fecha (id_fecha, anio, mes, dia, trimestre) VALUES ('2006-04-15', 2006, 4, 15, 2);
INSERT INTO dim_fecha (id_fecha, anio, mes, dia, trimestre) VALUES ('2016-01-31', 2016, 1, 31, 1);
INSERT INTO dim_fecha (id_fecha, anio, mes, dia, trimestre) VALUES ('2009-11-05', 2009, 11, 5, 4);
INSERT INTO dim_fecha (id_fecha, anio, mes, dia, trimestre) VALUES ('2015-05-06', 2015, 5, 6, 2);
INSERT INTO dim_fecha (id_fecha, anio, mes, dia, trimestre) VALUES ('2009-06-08', 2009, 6, 8, 2);
INSERT INTO dim_fecha (id_fecha, anio, mes, dia, trimestre) VALUES ('2022-02-02', 2022, 2, 2, 1);
INSERT INTO dim_fecha (id_fecha, anio, mes, dia, trimestre) VALUES ('2014-09-30', 2014, 9, 30, 3);
INSERT INTO dim_fecha (id_fecha, anio, mes, dia, trimestre) VALUES ('2011-02-28', 2011, 2, 28, 1);
INSERT INTO dim_fecha (id_fecha, anio, mes, dia, trimestre) VALUES ('2016-10-17', 2016, 10, 17, 4);
INSERT INTO dim_fecha (id_fecha, anio, mes, dia, trimestre) VALUES ('2011-05-16', 2011, 5, 16, 2);
INSERT INTO dim_fecha (id_fecha, anio, mes, dia, trimestre) VALUES ('2006-12-15', 2006, 12, 15, 4);
INSERT INTO dim_fecha (id_fecha, anio, mes, dia, trimestre) VALUES ('2015-06-15', 2015, 6, 15, 2);
INSERT INTO dim_fecha (id_fecha, anio, mes, dia, trimestre) VALUES ('2008-04-15', 2008, 4, 15, 2);
INSERT INTO dim_fecha (id_fecha, anio, mes, dia, trimestre) VALUES ('2013-04-24', 2013, 4, 24, 2);
INSERT INTO dim_fecha (id_fecha, anio, mes, dia, trimestre) VALUES ('2011-04-28', 2011, 4, 28, 2);
INSERT INTO dim_fecha (id_fecha, anio, mes, dia, trimestre) VALUES ('2022-04-12', 2022, 4, 12, 2);
INSERT INTO dim_fecha (id_fecha, anio, mes, dia, trimestre) VALUES ('2016-11-23', 2016, 11, 23, 4);
INSERT INTO dim_fecha (id_fecha, anio, mes, dia, trimestre) VALUES ('2016-09-14', 2016, 9, 14, 3);
INSERT INTO dim_fecha (id_fecha, anio, mes, dia, trimestre) VALUES ('2023-07-10', 2023, 7, 10, 3);
INSERT INTO dim_fecha (id_fecha, anio, mes, dia, trimestre) VALUES ('2007-09-04', 2007, 9, 4, 3);
INSERT INTO dim_fecha (id_fecha, anio, mes, dia, trimestre) VALUES ('2022-10-27', 2022, 10, 27, 4);
INSERT INTO dim_fecha (id_fecha, anio, mes, dia, trimestre) VALUES ('2016-03-24', 2016, 3, 24, 1);
INSERT INTO dim_fecha (id_fecha, anio, mes, dia, trimestre) VALUES ('2016-03-12', 2016, 3, 12, 1);
INSERT INTO dim_fecha (id_fecha, anio, mes, dia, trimestre) VALUES ('2022-01-20', 2022, 1, 20, 1);
INSERT INTO dim_fecha (id_fecha, anio, mes, dia, trimestre) VALUES ('2016-06-14', 2016, 6, 14, 2);
INSERT INTO dim_fecha (id_fecha, anio, mes, dia, trimestre) VALUES ('2021-12-09', 2021, 12, 9, 4);
INSERT INTO dim_fecha (id_fecha, anio, mes, dia, trimestre) VALUES ('2008-11-12', 2008, 11, 12, 4);
INSERT INTO dim_fecha (id_fecha, anio, mes, dia, trimestre) VALUES ('2022-08-05', 2022, 8, 5, 3);
INSERT INTO dim_fecha (id_fecha, anio, mes, dia, trimestre) VALUES ('2024-01-11', 2024, 1, 11, 1);
INSERT INTO dim_fecha (id_fecha, anio, mes, dia, trimestre) VALUES ('2018-03-22', 2018, 3, 22, 1);
INSERT INTO dim_fecha (id_fecha, anio, mes, dia, trimestre) VALUES ('2021-01-16', 2021, 1, 16, 1);
INSERT INTO dim_fecha (id_fecha, anio, mes, dia, trimestre) VALUES ('2005-09-19', 2005, 9, 19, 3);
INSERT INTO dim_fecha (id_fecha, anio, mes, dia, trimestre) VALUES ('2017-04-06', 2017, 4, 6, 2);
INSERT INTO dim_fecha (id_fecha, anio, mes, dia, trimestre) VALUES ('2021-09-15', 2021, 9, 15, 3);
INSERT INTO dim_fecha (id_fecha, anio, mes, dia, trimestre) VALUES ('2009-03-26', 2009, 3, 26, 1);
INSERT INTO dim_fecha (id_fecha, anio, mes, dia, trimestre) VALUES ('2016-05-15', 2016, 5, 15, 2);
INSERT INTO dim_fecha (id_fecha, anio, mes, dia, trimestre) VALUES ('2009-07-23', 2009, 7, 23, 3);
INSERT INTO dim_fecha (id_fecha, anio, mes, dia, trimestre) VALUES ('2009-06-15', 2009, 6, 15, 2);
INSERT INTO dim_fecha (id_fecha, anio, mes, dia, trimestre) VALUES ('2016-09-09', 2016, 9, 9, 3);
INSERT INTO dim_fecha (id_fecha, anio, mes, dia, trimestre) VALUES ('2015-07-16', 2015, 7, 16, 3);
INSERT INTO dim_fecha (id_fecha, anio, mes, dia, trimestre) VALUES ('2013-06-15', 2013, 6, 15, 2);
INSERT INTO dim_fecha (id_fecha, anio, mes, dia, trimestre) VALUES ('2019-10-14', 2019, 10, 14, 4);
INSERT INTO dim_fecha (id_fecha, anio, mes, dia, trimestre) VALUES ('2011-06-09', 2011, 6, 9, 2);
INSERT INTO dim_fecha (id_fecha, anio, mes, dia, trimestre) VALUES ('2015-07-06', 2015, 7, 6, 3);
INSERT INTO dim_fecha (id_fecha, anio, mes, dia, trimestre) VALUES ('2010-01-10', 2010, 1, 10, 1);
INSERT INTO dim_fecha (id_fecha, anio, mes, dia, trimestre) VALUES ('2018-09-06', 2018, 9, 6, 3);
INSERT INTO dim_fecha (id_fecha, anio, mes, dia, trimestre) VALUES ('2015-07-11', 2015, 7, 11, 3);
INSERT INTO dim_fecha (id_fecha, anio, mes, dia, trimestre) VALUES ('2018-07-17', 2018, 7, 17, 3);
INSERT INTO dim_fecha (id_fecha, anio, mes, dia, trimestre) VALUES ('2015-02-11', 2015, 2, 11, 1);
INSERT INTO dim_fecha (id_fecha, anio, mes, dia, trimestre) VALUES ('2008-09-15', 2008, 9, 15, 3);
INSERT INTO dim_fecha (id_fecha, anio, mes, dia, trimestre) VALUES ('2024-04-07', 2024, 4, 7, 2);
INSERT INTO dim_fecha (id_fecha, anio, mes, dia, trimestre) VALUES ('2010-12-23', 2010, 12, 23, 4);
INSERT INTO dim_fecha (id_fecha, anio, mes, dia, trimestre) VALUES ('2023-02-24', 2023, 2, 24, 1);
INSERT INTO dim_fecha (id_fecha, anio, mes, dia, trimestre) VALUES ('2015-01-25', 2015, 1, 25, 1);
INSERT INTO dim_fecha (id_fecha, anio, mes, dia, trimestre) VALUES ('2020-06-20', 2020, 6, 20, 2);
INSERT INTO dim_fecha (id_fecha, anio, mes, dia, trimestre) VALUES ('2006-10-08', 2006, 10, 8, 4);
INSERT INTO dim_fecha (id_fecha, anio, mes, dia, trimestre) VALUES ('2015-09-12', 2015, 9, 12, 3);
INSERT INTO dim_fecha (id_fecha, anio, mes, dia, trimestre) VALUES ('2006-03-22', 2006, 3, 22, 1);
INSERT INTO dim_fecha (id_fecha, anio, mes, dia, trimestre) VALUES ('2017-01-18', 2017, 1, 18, 1);
INSERT INTO dim_fecha (id_fecha, anio, mes, dia, trimestre) VALUES ('2017-08-06', 2017, 8, 6, 3);
INSERT INTO dim_fecha (id_fecha, anio, mes, dia, trimestre) VALUES ('2011-02-25', 2011, 2, 25, 1);
-- HECHOS PELICULAS - Cinema Paradiso (id=1) con Giuseppe Tornatore (id_director=1) y Franco Cristaldi (id_productor=1)
INSERT INTO hechos_peliculas (id_pelicula, id_actor, id_director, id_productor, id_fecha, salario, aportacion) VALUES (1, 1, 1, 1, '1990-06-01', 1500000.00, 5000000.00);
INSERT INTO hechos_peliculas (id_pelicula, id_actor, id_director, id_productor, id_fecha, salario, aportacion) VALUES (1, 2, 1, 1, '1990-06-01', 800000.00, 3000000.00);
INSERT INTO hechos_peliculas (id_pelicula, id_actor, id_director, id_productor, id_fecha, salario, aportacion) VALUES (1, 3, 1, 1, '1990-06-01', 1200000.00, 2500000.00);
INSERT INTO hechos_peliculas (id_pelicula, id_actor, id_director, id_productor, id_fecha, salario, aportacion) VALUES (1, 4, 1, 1, '1990-06-01', 2000000.00, 4000000.00);
INSERT INTO hechos_peliculas (id_pelicula, id_actor, id_director, id_productor, id_fecha, salario, aportacion, ranking) VALUES (2, 2, 2, 2, '2016-09-09', 4356467.59, 818197.9, 4.6);
INSERT INTO hechos_peliculas (id_pelicula, id_actor, id_director, id_productor, id_fecha, salario, aportacion, ranking) VALUES (3, 3, 3, 3, '2022-08-05', 2282845.58, 993412.47, 1.0);
INSERT INTO hechos_peliculas (id_pelicula, id_actor, id_director, id_productor, id_fecha, salario, aportacion, ranking) VALUES (4, 4, 4, 4, '2024-01-11', 3938397.74, 4347508.65, 2.6);
INSERT INTO hechos_peliculas (id_pelicula, id_actor, id_director, id_productor, id_fecha, salario, aportacion, ranking) VALUES (5, 5, 5, 5, '2016-01-31', 4893490.14, 1901938.23, 1.1);
INSERT INTO hechos_peliculas (id_pelicula, id_actor, id_director, id_productor, id_fecha, salario, aportacion, ranking) VALUES (6, 6, 6, 6, '2011-10-30', 2098835.52, 2562653.3, 2.9);
INSERT INTO hechos_peliculas (id_pelicula, id_actor, id_director, id_productor, id_fecha, salario, aportacion, ranking) VALUES (7, 7, 9, 7, '2023-02-25', 4355021.17, 2576652.49, 3.8);
INSERT INTO hechos_peliculas (id_pelicula, id_actor, id_director, id_productor, id_fecha, salario, aportacion, ranking) VALUES (8, 8, 1, 8, '2016-06-14', 4611099.74, 4383216.43, 3.7);
INSERT INTO hechos_peliculas (id_pelicula, id_actor, id_director, id_productor, id_fecha, salario, aportacion, ranking) VALUES (9, 9, 5, 9, '2018-03-22', 656007.33, 4861226.66, 2.5);
INSERT INTO hechos_peliculas (id_pelicula, id_actor, id_director, id_productor, id_fecha, salario, aportacion, ranking) VALUES (10, 10, 8, 10, '2017-01-18', 3504537.18, 339460.86, 5.0);
INSERT INTO hechos_peliculas (id_pelicula, id_actor, id_director, id_productor, id_fecha, salario, aportacion, ranking) VALUES (11, 11, 6, 11, '2009-03-28', 710057.45, 4352262.31, 1.2);
INSERT INTO hechos_peliculas (id_pelicula, id_actor, id_director, id_productor, id_fecha, salario, aportacion, ranking) VALUES (12, 12, 8, 12, '2009-06-08', 1010385.9, 3015998.16, 5.0);
INSERT INTO hechos_peliculas (id_pelicula, id_actor, id_director, id_productor, id_fecha, salario, aportacion, ranking) VALUES (13, 13, 14, 13, '2021-09-15', 3690708.1, 4916072.1, 2.3);
INSERT INTO hechos_peliculas (id_pelicula, id_actor, id_director, id_productor, id_fecha, salario, aportacion, ranking) VALUES (14, 14, 8, 14, '2009-10-18', 2406323.32, 114358.08, 1.7);
INSERT INTO hechos_peliculas (id_pelicula, id_actor, id_director, id_productor, id_fecha, salario, aportacion, ranking) VALUES (15, 15, 4, 15, '2016-04-07', 3976749.47, 2494982.4, 1.4);
INSERT INTO hechos_peliculas (id_pelicula, id_actor, id_director, id_productor, id_fecha, salario, aportacion, ranking) VALUES (16, 16, 19, 16, '2023-06-21', 1460382.97, 4651303.0, 2.3);
INSERT INTO hechos_peliculas (id_pelicula, id_actor, id_director, id_productor, id_fecha, salario, aportacion, ranking) VALUES (17, 17, 5, 17, '2023-03-14', 1838179.85, 553135.8, 4.6);
INSERT INTO hechos_peliculas (id_pelicula, id_actor, id_director, id_productor, id_fecha, salario, aportacion, ranking) VALUES (18, 18, 8, 18, '2014-09-30', 3856549.17, 4392101.51, 1.0);
INSERT INTO hechos_peliculas (id_pelicula, id_actor, id_director, id_productor, id_fecha, salario, aportacion, ranking) VALUES (19, 19, 6, 19, '2007-10-11', 3629031.86, 4741497.34, 4.7);
INSERT INTO hechos_peliculas (id_pelicula, id_actor, id_director, id_productor, id_fecha, salario, aportacion, ranking) VALUES (20, 20, 2, 20, '2009-11-05', 2134425.13, 301112.88, 2.3);
INSERT INTO hechos_peliculas (id_pelicula, id_actor, id_director, id_productor, id_fecha, salario, aportacion, ranking) VALUES (21, 21, 18, 21, '2015-09-12', 1575759.24, 3197714.3, 2.8);
INSERT INTO hechos_peliculas (id_pelicula, id_actor, id_director, id_productor, id_fecha, salario, aportacion, ranking) VALUES (22, 22, 18, 22, '2010-05-14', 1662257.32, 1145710.86, 1.0);
INSERT INTO hechos_peliculas (id_pelicula, id_actor, id_director, id_productor, id_fecha, salario, aportacion, ranking) VALUES (23, 23, 4, 23, '2012-02-26', 4890301.01, 206936.21, 4.9);
INSERT INTO hechos_peliculas (id_pelicula, id_actor, id_director, id_productor, id_fecha, salario, aportacion, ranking) VALUES (24, 24, 9, 24, '2021-12-09', 1181640.61, 861347.63, 2.2);
INSERT INTO hechos_peliculas (id_pelicula, id_actor, id_director, id_productor, id_fecha, salario, aportacion, ranking) VALUES (25, 25, 6, 25, '2021-07-20', 4054273.26, 1519389.79, 1.0);
INSERT INTO hechos_peliculas (id_pelicula, id_actor, id_director, id_productor, id_fecha, salario, aportacion, ranking) VALUES (26, 26, 14, 26, '2010-08-05', 4537288.58, 1380823.66, 4.0);
INSERT INTO hechos_peliculas (id_pelicula, id_actor, id_director, id_productor, id_fecha, salario, aportacion, ranking) VALUES (27, 27, 6, 27, '2016-11-23', 3155271.53, 513357.73, 3.3);
INSERT INTO hechos_peliculas (id_pelicula, id_actor, id_director, id_productor, id_fecha, salario, aportacion, ranking) VALUES (28, 28, 7, 28, '2010-12-23', 4770173.97, 2932929.25, 2.1);
INSERT INTO hechos_peliculas (id_pelicula, id_actor, id_director, id_productor, id_fecha, salario, aportacion, ranking) VALUES (29, 29, 13, 29, '2008-09-19', 2086906.59, 1077581.2, 3.7);
INSERT INTO hechos_peliculas (id_pelicula, id_actor, id_director, id_productor, id_fecha, salario, aportacion, ranking) VALUES (30, 30, 7, 30, '2020-08-14', 3423482.13, 2312659.83, 3.4);
INSERT INTO hechos_peliculas (id_pelicula, id_actor, id_director, id_productor, id_fecha, salario, aportacion, ranking) VALUES (31, 31, 16, 31, '2005-08-06', 3230456.32, 4738172.47, 2.4);
INSERT INTO hechos_peliculas (id_pelicula, id_actor, id_director, id_productor, id_fecha, salario, aportacion, ranking) VALUES (32, 32, 12, 32, '2010-01-10', 2361884.1, 4049216.41, 2.2);
INSERT INTO hechos_peliculas (id_pelicula, id_actor, id_director, id_productor, id_fecha, salario, aportacion, ranking) VALUES (33, 33, 1, 33, '2015-07-06', 4249111.18, 109933.88, 4.9);
INSERT INTO hechos_peliculas (id_pelicula, id_actor, id_director, id_productor, id_fecha, salario, aportacion, ranking) VALUES (34, 34, 17, 34, '2024-04-07', 4850737.1, 4810469.21, 4.7);
INSERT INTO hechos_peliculas (id_pelicula, id_actor, id_director, id_productor, id_fecha, salario, aportacion, ranking) VALUES (35, 35, 4, 35, '2023-07-10', 4342740.19, 1117694.92, 4.5);
INSERT INTO hechos_peliculas (id_pelicula, id_actor, id_director, id_productor, id_fecha, salario, aportacion, ranking) VALUES (36, 36, 8, 36, '2015-02-11', 2942244.92, 921117.47, 1.4);
INSERT INTO hechos_peliculas (id_pelicula, id_actor, id_director, id_productor, id_fecha, salario, aportacion, ranking) VALUES (37, 37, 3, 37, '2023-08-08', 2146237.1, 1371756.36, 4.1);
INSERT INTO hechos_peliculas (id_pelicula, id_actor, id_director, id_productor, id_fecha, salario, aportacion, ranking) VALUES (38, 38, 20, 38, '2008-04-15', 977717.01, 630882.11, 3.3);
INSERT INTO hechos_peliculas (id_pelicula, id_actor, id_director, id_productor, id_fecha, salario, aportacion, ranking) VALUES (39, 39, 5, 39, '2006-12-15', 4561434.31, 4515111.84, 3.2);
INSERT INTO hechos_peliculas (id_pelicula, id_actor, id_director, id_productor, id_fecha, salario, aportacion, ranking) VALUES (40, 40, 12, 40, '2009-06-15', 4849153.49, 4877176.06, 4.5);
INSERT INTO hechos_peliculas (id_pelicula, id_actor, id_director, id_productor, id_fecha, salario, aportacion, ranking) VALUES (41, 41, 15, 41, '2016-09-14', 4498712.85, 3959699.1, 1.4);
INSERT INTO hechos_peliculas (id_pelicula, id_actor, id_director, id_productor, id_fecha, salario, aportacion, ranking) VALUES (42, 42, 2, 42, '2014-10-29', 1020062.33, 1219552.03, 3.4);
INSERT INTO hechos_peliculas (id_pelicula, id_actor, id_director, id_productor, id_fecha, salario, aportacion, ranking) VALUES (43, 43, 12, 43, '2011-05-16', 1650327.02, 2573117.8, 1.5);
INSERT INTO hechos_peliculas (id_pelicula, id_actor, id_director, id_productor, id_fecha, salario, aportacion, ranking) VALUES (44, 44, 19, 44, '2018-09-06', 3681212.98, 2123209.92, 3.4);
INSERT INTO hechos_peliculas (id_pelicula, id_actor, id_director, id_productor, id_fecha, salario, aportacion, ranking) VALUES (45, 45, 5, 45, '2007-07-10', 1002050.48, 1757080.04, 2.9);
INSERT INTO hechos_peliculas (id_pelicula, id_actor, id_director, id_productor, id_fecha, salario, aportacion, ranking) VALUES (46, 46, 11, 46, '2023-02-24', 1771834.53, 1921961.8, 1.7);
INSERT INTO hechos_peliculas (id_pelicula, id_actor, id_director, id_productor, id_fecha, salario, aportacion, ranking) VALUES (47, 47, 10, 47, '2009-08-18', 4341761.38, 2289160.79, 2.7);
INSERT INTO hechos_peliculas (id_pelicula, id_actor, id_director, id_productor, id_fecha, salario, aportacion, ranking) VALUES (48, 48, 3, 48, '2016-05-15', 1925256.42, 3105032.66, 1.7);
INSERT INTO hechos_peliculas (id_pelicula, id_actor, id_director, id_productor, id_fecha, salario, aportacion, ranking) VALUES (49, 49, 16, 49, '2007-09-04', 3853882.29, 408670.47, 4.8);
INSERT INTO hechos_peliculas (id_pelicula, id_actor, id_director, id_productor, id_fecha, salario, aportacion, ranking) VALUES (50, 50, 16, 50, '2022-04-12', 978784.81, 1822550.84, 3.5);
INSERT INTO hechos_peliculas (id_pelicula, id_actor, id_director, id_productor, id_fecha, salario, aportacion, ranking) VALUES (51, 51, 9, 51, '2011-04-28', 2418686.49, 1557946.46, 4.5);
INSERT INTO hechos_peliculas (id_pelicula, id_actor, id_director, id_productor, id_fecha, salario, aportacion, ranking) VALUES (52, 52, 2, 52, '2009-03-26', 3462151.12, 2428026.72, 2.7);
INSERT INTO hechos_peliculas (id_pelicula, id_actor, id_director, id_productor, id_fecha, salario, aportacion, ranking) VALUES (53, 53, 7, 53, '2021-01-16', 3792945.94, 879471.31, 3.2);
INSERT INTO hechos_peliculas (id_pelicula, id_actor, id_director, id_productor, id_fecha, salario, aportacion, ranking) VALUES (54, 54, 11, 54, '2005-09-19', 1343970.08, 3709648.63, 2.2);
INSERT INTO hechos_peliculas (id_pelicula, id_actor, id_director, id_productor, id_fecha, salario, aportacion, ranking) VALUES (55, 55, 16, 55, '2011-06-09', 1554286.98, 2308322.75, 3.3);
INSERT INTO hechos_peliculas (id_pelicula, id_actor, id_director, id_productor, id_fecha, salario, aportacion, ranking) VALUES (56, 56, 15, 56, '2009-07-23', 4286644.58, 2722512.71, 2.3);
INSERT INTO hechos_peliculas (id_pelicula, id_actor, id_director, id_productor, id_fecha, salario, aportacion, ranking) VALUES (57, 57, 15, 57, '2013-06-15', 2883649.29, 3483486.72, 4.9);
INSERT INTO hechos_peliculas (id_pelicula, id_actor, id_director, id_productor, id_fecha, salario, aportacion, ranking) VALUES (58, 58, 1, 58, '2010-08-23', 2232306.72, 2270805.51, 4.4);
INSERT INTO hechos_peliculas (id_pelicula, id_actor, id_director, id_productor, id_fecha, salario, aportacion, ranking) VALUES (59, 59, 19, 59, '2006-04-15', 2698353.55, 665950.16, 2.8);
INSERT INTO hechos_peliculas (id_pelicula, id_actor, id_director, id_productor, id_fecha, salario, aportacion, ranking) VALUES (60, 60, 10, 60, '2006-09-01', 3063721.58, 3216735.22, 2.7);
INSERT INTO hechos_peliculas (id_pelicula, id_actor, id_director, id_productor, id_fecha, salario, aportacion, ranking) VALUES (61, 61, 7, 61, '2007-12-01', 4482861.15, 4631047.19, 1.6);
INSERT INTO hechos_peliculas (id_pelicula, id_actor, id_director, id_productor, id_fecha, salario, aportacion, ranking) VALUES (62, 62, 10, 62, '2022-02-02', 2423132.52, 3294833.82, 1.6);
INSERT INTO hechos_peliculas (id_pelicula, id_actor, id_director, id_productor, id_fecha, salario, aportacion, ranking) VALUES (63, 63, 7, 63, '2016-09-13', 4444306.91, 2099302.17, 1.7);
INSERT INTO hechos_peliculas (id_pelicula, id_actor, id_director, id_productor, id_fecha, salario, aportacion, ranking) VALUES (64, 64, 19, 64, '2016-10-17', 1967073.4, 2250706.76, 2.5);
INSERT INTO hechos_peliculas (id_pelicula, id_actor, id_director, id_productor, id_fecha, salario, aportacion, ranking) VALUES (65, 65, 1, 65, '2006-10-08', 4405493.21, 3224412.63, 4.5);
INSERT INTO hechos_peliculas (id_pelicula, id_actor, id_director, id_productor, id_fecha, salario, aportacion, ranking) VALUES (66, 66, 8, 66, '2016-10-29', 2824170.2, 2461268.77, 2.3);
INSERT INTO hechos_peliculas (id_pelicula, id_actor, id_director, id_productor, id_fecha, salario, aportacion, ranking) VALUES (67, 67, 17, 67, '2020-06-20', 4301288.96, 654550.46, 1.3);
INSERT INTO hechos_peliculas (id_pelicula, id_actor, id_director, id_productor, id_fecha, salario, aportacion, ranking) VALUES (68, 68, 19, 68, '2015-01-25', 4659793.35, 4570651.38, 4.8);
INSERT INTO hechos_peliculas (id_pelicula, id_actor, id_director, id_productor, id_fecha, salario, aportacion, ranking) VALUES (69, 69, 19, 69, '2006-03-22', 1172748.38, 4371107.59, 4.8);
INSERT INTO hechos_peliculas (id_pelicula, id_actor, id_director, id_productor, id_fecha, salario, aportacion, ranking) VALUES (70, 70, 17, 70, '2015-05-06', 1654938.44, 306815.35, 4.1);
INSERT INTO hechos_peliculas (id_pelicula, id_actor, id_director, id_productor, id_fecha, salario, aportacion, ranking) VALUES (71, 71, 20, 71, '2019-10-14', 4291114.98, 894227.22, 1.2);
INSERT INTO hechos_peliculas (id_pelicula, id_actor, id_director, id_productor, id_fecha, salario, aportacion, ranking) VALUES (72, 72, 16, 72, '2022-01-20', 847919.61, 1643837.03, 2.1);
INSERT INTO hechos_peliculas (id_pelicula, id_actor, id_director, id_productor, id_fecha, salario, aportacion, ranking) VALUES (73, 73, 9, 73, '2017-04-06', 3875925.99, 3144853.53, 2.3);
INSERT INTO hechos_peliculas (id_pelicula, id_actor, id_director, id_productor, id_fecha, salario, aportacion, ranking) VALUES (74, 74, 5, 74, '2021-01-19', 2153063.23, 1542331.1, 2.5);
INSERT INTO hechos_peliculas (id_pelicula, id_actor, id_director, id_productor, id_fecha, salario, aportacion, ranking) VALUES (75, 75, 1, 75, '2014-06-22', 871289.55, 4765527.05, 1.6);
INSERT INTO hechos_peliculas (id_pelicula, id_actor, id_director, id_productor, id_fecha, salario, aportacion, ranking) VALUES (76, 76, 6, 76, '2011-05-19', 1943616.95, 4509505.98, 2.4);
INSERT INTO hechos_peliculas (id_pelicula, id_actor, id_director, id_productor, id_fecha, salario, aportacion, ranking) VALUES (77, 77, 8, 77, '2011-02-28', 4090251.64, 3187289.36, 4.1);
INSERT INTO hechos_peliculas (id_pelicula, id_actor, id_director, id_productor, id_fecha, salario, aportacion, ranking) VALUES (78, 78, 4, 78, '2022-10-27', 2653354.81, 2925848.22, 3.9);
INSERT INTO hechos_peliculas (id_pelicula, id_actor, id_director, id_productor, id_fecha, salario, aportacion, ranking) VALUES (79, 79, 4, 79, '2008-09-15', 3574583.34, 1461190.82, 2.4);
INSERT INTO hechos_peliculas (id_pelicula, id_actor, id_director, id_productor, id_fecha, salario, aportacion, ranking) VALUES (80, 80, 3, 80, '2015-06-15', 1335185.65, 2770917.66, 1.2);
INSERT INTO hechos_peliculas (id_pelicula, id_actor, id_director, id_productor, id_fecha, salario, aportacion, ranking) VALUES (81, 81, 7, 81, '2017-04-28', 3532232.21, 1433577.24, 1.6);
INSERT INTO hechos_peliculas (id_pelicula, id_actor, id_director, id_productor, id_fecha, salario, aportacion, ranking) VALUES (82, 82, 9, 82, '2019-05-26', 1112363.09, 4865721.32, 4.7);
INSERT INTO hechos_peliculas (id_pelicula, id_actor, id_director, id_productor, id_fecha, salario, aportacion, ranking) VALUES (83, 83, 16, 83, '2017-08-06', 4690492.41, 4295941.18, 2.0);
INSERT INTO hechos_peliculas (id_pelicula, id_actor, id_director, id_productor, id_fecha, salario, aportacion, ranking) VALUES (84, 84, 9, 84, '2018-07-17', 2303998.17, 3236042.5, 3.7);
INSERT INTO hechos_peliculas (id_pelicula, id_actor, id_director, id_productor, id_fecha, salario, aportacion, ranking) VALUES (85, 85, 8, 85, '2017-04-29', 4128794.26, 887602.43, 4.9);
INSERT INTO hechos_peliculas (id_pelicula, id_actor, id_director, id_productor, id_fecha, salario, aportacion, ranking) VALUES (86, 86, 2, 86, '2011-02-25', 1331625.9, 3806775.23, 2.0);
INSERT INTO hechos_peliculas (id_pelicula, id_actor, id_director, id_productor, id_fecha, salario, aportacion, ranking) VALUES (87, 87, 3, 87, '2016-03-12', 1705280.51, 3322376.12, 1.4);
INSERT INTO hechos_peliculas (id_pelicula, id_actor, id_director, id_productor, id_fecha, salario, aportacion, ranking) VALUES (88, 88, 13, 88, '2008-11-12', 2682218.29, 4221494.16, 1.4);
INSERT INTO hechos_peliculas (id_pelicula, id_actor, id_director, id_productor, id_fecha, salario, aportacion, ranking) VALUES (89, 89, 9, 89, '2009-11-03', 2457250.57, 4380864.3, 3.5);
INSERT INTO hechos_peliculas (id_pelicula, id_actor, id_director, id_productor, id_fecha, salario, aportacion, ranking) VALUES (90, 90, 3, 90, '2009-09-03', 1990989.11, 4193561.74, 2.2);
INSERT INTO hechos_peliculas (id_pelicula, id_actor, id_director, id_productor, id_fecha, salario, aportacion, ranking) VALUES (91, 91, 15, 91, '2013-04-24', 2714874.6, 3921967.06, 1.3);
INSERT INTO hechos_peliculas (id_pelicula, id_actor, id_director, id_productor, id_fecha, salario, aportacion, ranking) VALUES (92, 92, 8, 92, '2016-03-24', 1168924.16, 201065.9, 2.2);
INSERT INTO hechos_peliculas (id_pelicula, id_actor, id_director, id_productor, id_fecha, salario, aportacion, ranking) VALUES (93, 93, 3, 93, '2014-07-18', 3369444.91, 3363117.47, 1.3);
INSERT INTO hechos_peliculas (id_pelicula, id_actor, id_director, id_productor, id_fecha, salario, aportacion, ranking) VALUES (94, 94, 6, 94, '2015-07-11', 1986860.41, 1501316.26, 4.6);
INSERT INTO hechos_peliculas (id_pelicula, id_actor, id_director, id_productor, id_fecha, salario, aportacion, ranking) VALUES (95, 95, 13, 95, '2015-07-16', 1765968.82, 2120814.94, 1.7);
INSERT INTO hechos_peliculas (id_pelicula, id_actor, id_director, id_productor, id_fecha, salario, aportacion, ranking) VALUES (96, 96, 3, 96, '2005-11-09', 966764.38, 4932385.66, 3.0);
INSERT INTO hechos_peliculas (id_pelicula, id_actor, id_director, id_productor, id_fecha, salario, aportacion, ranking) VALUES (97, 97, 12, 97, '2012-12-05', 2651561.59, 2418203.78, 2.4);
INSERT INTO hechos_peliculas (id_pelicula, id_actor, id_director, id_productor, id_fecha, salario, aportacion, ranking) VALUES (98, 98, 20, 98, '2009-09-06', 4897651.6, 437940.09, 2.6);
INSERT INTO hechos_peliculas (id_pelicula, id_actor, id_director, id_productor, id_fecha, salario, aportacion, ranking) VALUES (99, 99, 19, 99, '2023-10-20', 2019667.5, 1167832.9, 2.2);
INSERT INTO hechos_peliculas (id_pelicula, id_actor, id_director, id_productor, id_fecha, salario, aportacion, ranking) VALUES (100, 100, 11, 100, '2025-02-28', 3563579.79, 3058758.46, 2.0);